<?xml version="1.0" encoding="UTF-8"?>
<!DOCTYPE plist PUBLIC "-//Apple//DTD PLIST 1.0//EN" "http://www.apple.com/DTDs/PropertyList-1.0.dtd">
<plist version="1.0">
<dict>
	<key>SchemeUserState</key>
	<dict>
		<key>usersigneture.xcscheme</key>
		<dict>
			<key>orderHint</key>
			<integer>0</integer>
		</dict>
	</dict>
	<key>SuppressBuildableAutocreation</key>
	<dict>
		<key>2248E28C1D41C9B2009A2753</key>
		<dict>
			<key>primary</key>
			<true/>
		</dict>
		<key>2248E2A51D41C9B2009A2753</key>
		<dict>
			<key>primary</key>
			<true/>
		</dict>
		<key>2248E2B01D41C9B2009A2753</key>
		<dict>
			<key>primary</key>
			<true/>
		</dict>
	</dict>
</dict>
</plist>
