<?xml version="1.0" encoding="UTF-8" standalone="no"?>
<document type="com.apple.InterfaceBuilder3.CocoaTouch.Storyboard.XIB" version="3.0" toolsVersion="9532" systemVersion="15E65" targetRuntime="iOS.CocoaTouch" propertyAccessControl="none" useAutolayout="YES" useTraitCollections="YES" initialViewController="g38-3O-fkp">
    <dependencies>
        <deployment identifier="iOS"/>
        <plugIn identifier="com.apple.InterfaceBuilder.IBCocoaTouchPlugin" version="9530"/>
    </dependencies>
    <scenes>
        <!--Navigation Controller-->
        <scene sceneID="T8p-LA-J09">
            <objects>
                <navigationController toolbarHidden="NO" id="g38-3O-fkp" sceneMemberID="viewController">
                    <simulatedScreenMetrics key="simulatedDestinationMetrics" type="retina4"/>
                    <navigationBar key="navigationBar" contentMode="scaleToFill" id="ZWn-Ur-dBo">
                        <rect key="frame" x="0.0" y="0.0" width="320" height="44"/>
                        <autoresizingMask key="autoresizingMask"/>
                        <color key="barTintColor" red="0.18669527399999999" green="0.60403714009999998" blue="0.27992804830000001" alpha="1" colorSpace="calibratedRGB"/>
                    </navigationBar>
                    <toolbar key="toolbar" opaque="NO" clearsContextBeforeDrawing="NO" contentMode="scaleToFill" id="Ae4-Ab-LXb">
                        <rect key="frame" x="0.0" y="524" width="320" height="44"/>
                        <autoresizingMask key="autoresizingMask"/>
                        <color key="barTintColor" red="0.2440691103" green="0.02602996967" blue="0.60403714009999998" alpha="1" colorSpace="calibratedRGB"/>
                    </toolbar>
                    <connections>
                        <segue destination="BYZ-38-t0r" kind="relationship" relationship="rootViewController" id="sPf-rP-arB"/>
                    </connections>
                </navigationController>
                <placeholder placeholderIdentifier="IBFirstResponder" id="2G2-VO-BnE" userLabel="First Responder" sceneMemberID="firstResponder"/>
            </objects>
            <point key="canvasLocation" x="-346" y="246"/>
        </scene>
        <!--View Controller-->
        <scene sceneID="tne-QT-ifu">
            <objects>
                <viewController id="BYZ-38-t0r" customClass="ViewController" sceneMemberID="viewController">
                    <layoutGuides>
                        <viewControllerLayoutGuide type="top" id="y3c-jy-aDJ"/>
                        <viewControllerLayoutGuide type="bottom" id="wfy-db-euE"/>
                    </layoutGuides>
                    <view key="view" contentMode="scaleToFill" id="8bC-Xf-vdC">
                        <rect key="frame" x="0.0" y="0.0" width="320" height="568"/>
                        <autoresizingMask key="autoresizingMask" widthSizable="YES" heightSizable="YES"/>
                        <subviews>
                            <imageView userInteractionEnabled="NO" contentMode="scaleToFill" horizontalHuggingPriority="251" verticalHuggingPriority="251" fixedFrame="YES" translatesAutoresizingMaskIntoConstraints="NO" id="h8y-nC-AuB">
                                <rect key="frame" x="55" y="358" width="220" height="92"/>
                            </imageView>
                            <button opaque="NO" contentMode="scaleToFill" fixedFrame="YES" contentHorizontalAlignment="center" contentVerticalAlignment="center" buttonType="roundedRect" lineBreakMode="middleTruncation" translatesAutoresizingMaskIntoConstraints="NO" id="Hx7-IF-iht">
                                <rect key="frame" x="186" y="306" width="51" height="30"/>
                                <state key="normal" title="getsign"/>
                                <connections>
                                    <action selector="btnclick:" destination="BYZ-38-t0r" eventType="touchUpInside" id="HPw-ia-OPg"/>
                                </connections>
                            </button>
                        </subviews>
                        <color key="backgroundColor" white="1" alpha="1" colorSpace="custom" customColorSpace="calibratedWhite"/>
                    </view>
                    <navigationItem key="navigationItem" id="d3C-t9-Hqg"/>
                    <simulatedScreenMetrics key="simulatedDestinationMetrics" type="retina4"/>
                    <connections>
                        <outlet property="imgview" destination="h8y-nC-AuB" id="hlD-Bd-tlJ"/>
                    </connections>
                </viewController>
                <placeholder placeholderIdentifier="IBFirstResponder" id="dkx-z0-nzr" sceneMemberID="firstResponder"/>
            </objects>
            <point key="canvasLocation" x="330" y="246"/>
        </scene>
        <!--Signetureclass-->
        <scene sceneID="2FK-Ko-Ads">
            <objects>
                <viewController storyboardIdentifier="next" id="pC1-gb-WbG" customClass="signetureclass" sceneMemberID="viewController">
                    <layoutGuides>
                        <viewControllerLayoutGuide type="top" id="nfa-1I-gaT"/>
                        <viewControllerLayoutGuide type="bottom" id="5H3-Mo-2QJ"/>
                    </layoutGuides>
                    <view key="view" contentMode="scaleToFill" id="Re9-eL-tNl">
                        <rect key="frame" x="0.0" y="0.0" width="320" height="568"/>
                        <autoresizingMask key="autoresizingMask" widthSizable="YES" heightSizable="YES"/>
                        <subviews>
                            <button opaque="NO" contentMode="scaleToFill" fixedFrame="YES" contentHorizontalAlignment="center" contentVerticalAlignment="center" buttonType="roundedRect" lineBreakMode="middleTruncation" translatesAutoresizingMaskIntoConstraints="NO" id="mhp-x6-ZGA">
                                <rect key="frame" x="113" y="195" width="95" height="30"/>
                                <state key="normal" title="captureImage"/>
                                <connections>
                                    <action selector="captureaction:" destination="pC1-gb-WbG" eventType="touchUpInside" id="fab-Cg-6Vk"/>
                                </connections>
                            </button>
                            <view contentMode="scaleToFill" fixedFrame="YES" translatesAutoresizingMaskIntoConstraints="NO" id="bIV-o6-D3h" customClass="UviSignatureView">
                                <rect key="frame" x="40" y="288" width="240" height="128"/>
                                <color key="backgroundColor" white="1" alpha="1" colorSpace="calibratedWhite"/>
                            </view>
                        </subviews>
                        <color key="backgroundColor" white="1" alpha="1" colorSpace="calibratedWhite"/>
                    </view>
                    <navigationItem key="navigationItem" id="NJR-n9-JoJ"/>
                    <simulatedScreenMetrics key="simulatedDestinationMetrics" type="retina4"/>
                    <connections>
                        <outlet property="capture" destination="bIV-o6-D3h" id="DoY-Dk-KAM"/>
                    </connections>
                </viewController>
                <placeholder placeholderIdentifier="IBFirstResponder" id="BUf-DU-ADw" userLabel="First Responder" sceneMemberID="firstResponder"/>
            </objects>
            <point key="canvasLocation" x="717" y="220"/>
        </scene>
    </scenes>
</document>
